id,first_name,last_name,email,address_id,ative,create_date,gender,birthDate
1,MARY,SMITH,MARY.SMITH@sakilacustomer.org,5,1,2021-02-14 22:04:36.000,M,1969-01-29
2,PATRICIA,JOHNSON,PATRICIA.JOHNSON@sakilacustomer.org,6,1,2021-02-14 22:04:36.000,F,1971-08-01
3,LINDA,WILLIAMS,LINDA.WILLIAMS@sakilacustomer.org,7,1,2021-02-14 22:04:36.000,M,1974-11-12
4,BARBARA,JONES,BARBARA.JONES@sakilacustomer.org,8,1,2021-02-14 22:04:36.000,M,1974-12-23
5,ELIZABETH,BROWN,ELIZABETH.BROWN@sakilacustomer.org,9,1,2021-02-14 22:04:36.000,F,1952-09-27
6,JENNIFER,DAVIS,JENNIFER.DAVIS@sakilacustomer.org,10,1,2021-02-14 22:04:36.000,M,1959-03-11
7,MARIA,MILLER,MARIA.MILLER@sakilacustomer.org,11,1,2021-02-14 22:04:36.000,M,1987-02-24
8,SUSAN,WILSON,SUSAN.WILSON@sakilacustomer.org,12,1,2021-02-14 22:04:36.000,F,1986-06-05
9,MARGARET,MOORE,MARGARET.MOORE@sakilacustomer.org,13,1,2021-02-14 22:04:36.000,F,1979-01-21
10,DOROTHY,TAYLOR,DOROTHY.TAYLOR@sakilacustomer.org,14,1,2021-02-14 22:04:36.000,M,1984-11-30
11,LISA,ANDERSON,LISA.ANDERSON@sakilacustomer.org,15,1,2021-02-14 22:04:36.000,M,1978-01-17
12,NANCY,THOMAS,NANCY.THOMAS@sakilacustomer.org,16,1,2021-02-14 22:04:36.000,M,1959-07-29
13,KAREN,JACKSON,KAREN.JACKSON@sakilacustomer.org,17,1,2021-02-14 22:04:36.000,F,1989-05-28
14,BETTY,WHITE,BETTY.WHITE@sakilacustomer.org,18,1,2021-02-14 22:04:36.000,M,1979-06-16
15,HELEN,HARRIS,HELEN.HARRIS@sakilacustomer.org,19,1,2021-02-14 22:04:36.000,F,1961-05-02
16,SANDRA,MARTIN,SANDRA.MARTIN@sakilacustomer.org,20,0,2021-02-14 22:04:36.000,M,1975-03-19
17,DONNA,THOMPSON,DONNA.THOMPSON@sakilacustomer.org,21,1,2021-02-14 22:04:36.000,M,1987-05-03
18,CAROL,GARCIA,CAROL.GARCIA@sakilacustomer.org,22,1,2021-02-14 22:04:36.000,M,1978-03-06
19,RUTH,MARTINEZ,RUTH.MARTINEZ@sakilacustomer.org,23,1,2021-02-14 22:04:36.000,F,1978-01-29
20,SHARON,ROBINSON,SHARON.ROBINSON@sakilacustomer.org,24,1,2021-02-14 22:04:36.000,F,1975-03-17
21,MICHELLE,CLARK,MICHELLE.CLARK@sakilacustomer.org,25,1,2021-02-14 22:04:36.000,M,1986-02-04
22,LAURA,RODRIGUEZ,LAURA.RODRIGUEZ@sakilacustomer.org,26,1,2021-02-14 22:04:36.000,M,1987-05-21
23,SARAH,LEWIS,SARAH.LEWIS@sakilacustomer.org,27,1,2021-02-14 22:04:36.000,F,1962-09-13
24,KIMBERLY,LEE,KIMBERLY.LEE@sakilacustomer.org,28,1,2021-02-14 22:04:36.000,F,1979-06-18
25,DEBORAH,WALKER,DEBORAH.WALKER@sakilacustomer.org,29,1,2021-02-14 22:04:36.000,M,1983-01-07
26,JESSICA,HALL,JESSICA.HALL@sakilacustomer.org,30,1,2021-02-14 22:04:36.000,M,1982-11-03
27,SHIRLEY,ALLEN,SHIRLEY.ALLEN@sakilacustomer.org,31,1,2021-02-14 22:04:36.000,F,1956-10-08
28,CYNTHIA,YOUNG,CYNTHIA.YOUNG@sakilacustomer.org,32,1,2021-02-14 22:04:36.000,M,1988-03-13
29,ANGELA,HERNANDEZ,ANGELA.HERNANDEZ@sakilacustomer.org,33,1,2021-02-14 22:04:36.000,M,1979-09-25
30,MELISSA,KING,MELISSA.KING@sakilacustomer.org,34,1,2021-02-14 22:04:36.000,F,1989-09-28
31,BRENDA,WRIGHT,BRENDA.WRIGHT@sakilacustomer.org,35,1,2021-02-14 22:04:36.000,F,1986-05-20
32,AMY,LOPEZ,AMY.LOPEZ@sakilacustomer.org,36,1,2021-02-14 22:04:36.000,F,1977-07-10
33,ANNA,HILL,ANNA.HILL@sakilacustomer.org,37,1,2021-02-14 22:04:36.000,M,1976-12-26
34,REBECCA,SCOTT,REBECCA.SCOTT@sakilacustomer.org,38,1,2021-02-14 22:04:36.000,F,1987-06-10
35,VIRGINIA,GREEN,VIRGINIA.GREEN@sakilacustomer.org,39,1,2021-02-14 22:04:36.000,M,1977-01-10
36,KATHLEEN,ADAMS,KATHLEEN.ADAMS@sakilacustomer.org,40,1,2021-02-14 22:04:36.000,M,1984-07-31
37,PAMELA,BAKER,PAMELA.BAKER@sakilacustomer.org,41,1,2021-02-14 22:04:36.000,M,1986-08-07
38,MARTHA,GONZALEZ,MARTHA.GONZALEZ@sakilacustomer.org,42,1,2021-02-14 22:04:36.000,F,1966-12-14
39,DEBRA,NELSON,DEBRA.NELSON@sakilacustomer.org,43,1,2021-02-14 22:04:36.000,M,1971-09-11
40,AMANDA,CARTER,AMANDA.CARTER@sakilacustomer.org,44,1,2021-02-14 22:04:36.000,F,1956-01-16
41,STEPHANIE,MITCHELL,STEPHANIE.MITCHELL@sakilacustomer.org,45,1,2021-02-14 22:04:36.000,M,1973-08-27
42,CAROLYN,PEREZ,CAROLYN.PEREZ@sakilacustomer.org,46,1,2021-02-14 22:04:36.000,M,1984-07-25
43,CHRISTINE,ROBERTS,CHRISTINE.ROBERTS@sakilacustomer.org,47,1,2021-02-14 22:04:36.000,F,1988-11-19
44,MARIE,TURNER,MARIE.TURNER@sakilacustomer.org,48,1,2021-02-14 22:04:36.000,M,1990-05-17
45,JANET,PHILLIPS,JANET.PHILLIPS@sakilacustomer.org,49,1,2021-02-14 22:04:36.000,M,1986-01-10
46,CATHERINE,CAMPBELL,CATHERINE.CAMPBELL@sakilacustomer.org,50,1,2021-02-14 22:04:36.000,M,1976-02-10
47,FRANCES,PARKER,FRANCES.PARKER@sakilacustomer.org,51,1,2021-02-14 22:04:36.000,M,1988-09-06
48,ANN,EVANS,ANN.EVANS@sakilacustomer.org,52,1,2021-02-14 22:04:36.000,F,1956-06-04
49,JOYCE,EDWARDS,JOYCE.EDWARDS@sakilacustomer.org,53,1,2021-02-14 22:04:36.000,M,1956-03-26
50,DIANE,COLLINS,DIANE.COLLINS@sakilacustomer.org,54,1,2021-02-14 22:04:36.000,M,1956-08-30
51,ALICE,STEWART,ALICE.STEWART@sakilacustomer.org,55,1,2021-02-14 22:04:36.000,M,1956-07-11
52,JULIE,SANCHEZ,JULIE.SANCHEZ@sakilacustomer.org,56,1,2021-02-14 22:04:36.000,F,1956-04-04
53,HEATHER,MORRIS,HEATHER.MORRIS@sakilacustomer.org,57,1,2021-02-14 22:04:36.000,F,1956-03-29
54,TERESA,ROGERS,TERESA.ROGERS@sakilacustomer.org,58,1,2021-02-14 22:04:36.000,F,1986-09-10
55,DORIS,REED,DORIS.REED@sakilacustomer.org,59,1,2021-02-14 22:04:36.000,M,1956-04-01
56,GLORIA,COOK,GLORIA.COOK@sakilacustomer.org,60,1,2021-02-14 22:04:36.000,F,1988-07-06
57,EVELYN,MORGAN,EVELYN.MORGAN@sakilacustomer.org,61,1,2021-02-14 22:04:36.000,M,1971-07-24
58,JEAN,BELL,JEAN.BELL@sakilacustomer.org,62,1,2021-02-14 22:04:36.000,M,1986-05-30
59,CHERYL,MURPHY,CHERYL.MURPHY@sakilacustomer.org,63,1,2021-02-14 22:04:36.000,M,1979-08-16
60,MILDRED,BAILEY,MILDRED.BAILEY@sakilacustomer.org,64,1,2021-02-14 22:04:36.000,M,1977-02-03
61,KATHERINE,RIVERA,KATHERINE.RIVERA@sakilacustomer.org,65,1,2021-02-14 22:04:36.000,F,1989-08-09
62,JOAN,COOPER,JOAN.COOPER@sakilacustomer.org,66,1,2021-02-14 22:04:36.000,M,1956-08-07
63,ASHLEY,RICHARDSON,ASHLEY.RICHARDSON@sakilacustomer.org,67,1,2021-02-14 22:04:36.000,M,1955-01-30
64,JUDITH,COX,JUDITH.COX@sakilacustomer.org,68,0,2021-02-14 22:04:36.000,M,1973-09-05
65,ROSE,HOWARD,ROSE.HOWARD@sakilacustomer.org,69,1,2021-02-14 22:04:36.000,M,1970-04-28
66,JANICE,WARD,JANICE.WARD@sakilacustomer.org,70,1,2021-02-14 22:04:36.000,M,1970-03-07
67,KELLY,TORRES,KELLY.TORRES@sakilacustomer.org,71,1,2021-02-14 22:04:36.000,M,1976-02-11
68,NICOLE,PETERSON,NICOLE.PETERSON@sakilacustomer.org,72,1,2021-02-14 22:04:36.000,M,1971-09-02
69,JUDY,GRAY,JUDY.GRAY@sakilacustomer.org,73,1,2021-02-14 22:04:36.000,M,1991-04-06
70,CHRISTINA,RAMIREZ,CHRISTINA.RAMIREZ@sakilacustomer.org,74,1,2021-02-14 22:04:36.000,M,1984-12-29
71,KATHY,JAMES,KATHY.JAMES@sakilacustomer.org,75,1,2021-02-14 22:04:36.000,M,1989-01-29
72,THERESA,WATSON,THERESA.WATSON@sakilacustomer.org,76,1,2021-02-14 22:04:36.000,M,1977-05-14
73,BEVERLY,BROOKS,BEVERLY.BROOKS@sakilacustomer.org,77,1,2021-02-14 22:04:36.000,F,1983-10-19
74,DENISE,KELLY,DENISE.KELLY@sakilacustomer.org,78,1,2021-02-14 22:04:36.000,M,1989-11-06
75,TAMMY,SANDERS,TAMMY.SANDERS@sakilacustomer.org,79,1,2021-02-14 22:04:36.000,M,1982-06-27
76,IRENE,PRICE,IRENE.PRICE@sakilacustomer.org,80,1,2021-02-14 22:04:36.000,F,1988-10-17
77,JANE,BENNETT,JANE.BENNETT@sakilacustomer.org,81,1,2021-02-14 22:04:36.000,F,1983-05-13
78,LORI,WOOD,LORI.WOOD@sakilacustomer.org,82,1,2021-02-14 22:04:36.000,M,1987-08-27
79,RACHEL,BARNES,RACHEL.BARNES@sakilacustomer.org,83,1,2021-02-14 22:04:36.000,M,1966-12-08
80,MARILYN,ROSS,MARILYN.ROSS@sakilacustomer.org,84,1,2021-02-14 22:04:36.000,M,1970-12-03
81,ANDREA,HENDERSON,ANDREA.HENDERSON@sakilacustomer.org,85,1,2021-02-14 22:04:36.000,M,1971-03-09
82,KATHRYN,COLEMAN,KATHRYN.COLEMAN@sakilacustomer.org,86,1,2021-02-14 22:04:36.000,M,1973-08-29
83,LOUISE,JENKINS,LOUISE.JENKINS@sakilacustomer.org,87,1,2021-02-14 22:04:36.000,M,1973-12-23
84,SARA,PERRY,SARA.PERRY@sakilacustomer.org,88,1,2021-02-14 22:04:36.000,M,1952-03-02
85,ANNE,POWELL,ANNE.POWELL@sakilacustomer.org,89,1,2021-02-14 22:04:36.000,M,1970-12-23
86,JACQUELINE,LONG,JACQUELINE.LONG@sakilacustomer.org,90,1,2021-02-14 22:04:36.000,M,1972-06-13
87,WANDA,PATTERSON,WANDA.PATTERSON@sakilacustomer.org,91,1,2021-02-14 22:04:36.000,M,1984-04-11
88,BONNIE,HUGHES,BONNIE.HUGHES@sakilacustomer.org,92,1,2021-02-14 22:04:36.000,F,1966-12-17
89,JULIA,FLORES,JULIA.FLORES@sakilacustomer.org,93,1,2021-02-14 22:04:36.000,M,1986-09-10
90,RUBY,WASHINGTON,RUBY.WASHINGTON@sakilacustomer.org,94,1,2021-02-14 22:04:36.000,F,1986-09-07
91,LOIS,BUTLER,LOIS.BUTLER@sakilacustomer.org,95,1,2021-02-14 22:04:36.000,F,1986-09-13
92,TINA,SIMMONS,TINA.SIMMONS@sakilacustomer.org,96,1,2021-02-14 22:04:36.000,M,1986-10-01
93,PHYLLIS,FOSTER,PHYLLIS.FOSTER@sakilacustomer.org,97,1,2021-02-14 22:04:36.000,M,1980-04-28
94,NORMA,GONZALES,NORMA.GONZALES@sakilacustomer.org,98,1,2021-02-14 22:04:36.000,M,1972-11-25
95,PAULA,BRYANT,PAULA.BRYANT@sakilacustomer.org,99,1,2021-02-14 22:04:36.000,M,1986-09-08
96,DIANA,ALEXANDER,DIANA.ALEXANDER@sakilacustomer.org,100,1,2021-02-14 22:04:36.000,F,1990-01-25
97,ANNIE,RUSSELL,ANNIE.RUSSELL@sakilacustomer.org,101,1,2021-02-14 22:04:36.000,M,1986-03-21
98,LILLIAN,GRIFFIN,LILLIAN.GRIFFIN@sakilacustomer.org,102,1,2021-02-14 22:04:36.000,M,1978-06-26
99,EMILY,DIAZ,EMILY.DIAZ@sakilacustomer.org,103,1,2021-02-14 22:04:36.000,M,1979-03-29
100,ROBIN,HAYES,ROBIN.HAYES@sakilacustomer.org,104,1,2021-02-14 22:04:36.000,M,1973-01-24
101,PEGGY,MYERS,PEGGY.MYERS@sakilacustomer.org,105,1,2021-02-14 22:04:36.000,M,1971-08-30
102,CRYSTAL,FORD,CRYSTAL.FORD@sakilacustomer.org,106,1,2021-02-14 22:04:36.000,M,1983-10-26
103,GLADYS,HAMILTON,GLADYS.HAMILTON@sakilacustomer.org,107,1,2021-02-14 22:04:36.000,M,1986-09-22
104,RITA,GRAHAM,RITA.GRAHAM@sakilacustomer.org,108,1,2021-02-14 22:04:36.000,F,1986-09-19
105,DAWN,SULLIVAN,DAWN.SULLIVAN@sakilacustomer.org,109,1,2021-02-14 22:04:36.000,M,1986-09-19
106,CONNIE,WALLACE,CONNIE.WALLACE@sakilacustomer.org,110,1,2021-02-14 22:04:36.000,M,1986-09-28
107,FLORENCE,WOODS,FLORENCE.WOODS@sakilacustomer.org,111,1,2021-02-14 22:04:36.000,M,1986-10-01
108,TRACY,COLE,TRACY.COLE@sakilacustomer.org,112,1,2021-02-14 22:04:36.000,M,1989-02-05
109,EDNA,WEST,EDNA.WEST@sakilacustomer.org,113,1,2021-02-14 22:04:36.000,F,1978-01-26
110,TIFFANY,JORDAN,TIFFANY.JORDAN@sakilacustomer.org,114,1,2021-02-14 22:04:36.000,M,1979-07-06
111,CARMEN,OWENS,CARMEN.OWENS@sakilacustomer.org,115,1,2021-02-14 22:04:36.000,M,1978-02-25
112,ROSA,REYNOLDS,ROSA.REYNOLDS@sakilacustomer.org,116,1,2021-02-14 22:04:36.000,M,1978-05-31
113,CINDY,FISHER,CINDY.FISHER@sakilacustomer.org,117,1,2021-02-14 22:04:36.000,F,1987-07-17
114,GRACE,ELLIS,GRACE.ELLIS@sakilacustomer.org,118,1,2021-02-14 22:04:36.000,M,1978-05-07
115,WENDY,HARRISON,WENDY.HARRISON@sakilacustomer.org,119,1,2021-02-14 22:04:36.000,F,1991-05-31
116,VICTORIA,GIBSON,VICTORIA.GIBSON@sakilacustomer.org,120,1,2021-02-14 22:04:36.000,M,1974-05-03
117,EDITH,MCDONALD,EDITH.MCDONALD@sakilacustomer.org,121,1,2021-02-14 22:04:36.000,M,1990-08-04
118,KIM,CRUZ,KIM.CRUZ@sakilacustomer.org,122,1,2021-02-14 22:04:36.000,M,1971-06-13
119,SHERRY,MARSHALL,SHERRY.MARSHALL@sakilacustomer.org,123,1,2021-02-14 22:04:36.000,M,1989-06-15
120,SYLVIA,ORTIZ,SYLVIA.ORTIZ@sakilacustomer.org,124,1,2021-02-14 22:04:36.000,F,1987-06-06
121,JOSEPHINE,GOMEZ,JOSEPHINE.GOMEZ@sakilacustomer.org,125,1,2021-02-14 22:04:36.000,M,1972-09-09
122,THELMA,MURRAY,THELMA.MURRAY@sakilacustomer.org,126,1,2021-02-14 22:04:36.000,F,1978-02-17
123,SHANNON,FREEMAN,SHANNON.FREEMAN@sakilacustomer.org,127,1,2021-02-14 22:04:36.000,M,1977-03-18
124,SHEILA,WELLS,SHEILA.WELLS@sakilacustomer.org,128,0,2021-02-14 22:04:36.000,F,1984-04-30
125,ETHEL,WEBB,ETHEL.WEBB@sakilacustomer.org,129,1,2021-02-14 22:04:36.000,M,1973-11-11
126,ELLEN,SIMPSON,ELLEN.SIMPSON@sakilacustomer.org,130,1,2021-02-14 22:04:36.000,M,1985-05-04
127,ELAINE,STEVENS,ELAINE.STEVENS@sakilacustomer.org,131,1,2021-02-14 22:04:36.000,M,1983-07-02
128,MARJORIE,TUCKER,MARJORIE.TUCKER@sakilacustomer.org,132,1,2021-02-14 22:04:36.000,M,1980-11-13
129,CARRIE,PORTER,CARRIE.PORTER@sakilacustomer.org,133,1,2021-02-14 22:04:36.000,M,1988-05-16
130,CHARLOTTE,HUNTER,CHARLOTTE.HUNTER@sakilacustomer.org,134,1,2021-02-14 22:04:36.000,M,1973-08-04
131,MONICA,HICKS,MONICA.HICKS@sakilacustomer.org,135,1,2021-02-14 22:04:36.000,M,1990-10-07
132,ESTHER,CRAWFORD,ESTHER.CRAWFORD@sakilacustomer.org,136,1,2021-02-14 22:04:36.000,F,1986-04-09
133,PAULINE,HENRY,PAULINE.HENRY@sakilacustomer.org,137,1,2021-02-14 22:04:36.000,M,1991-01-04
134,EMMA,BOYD,EMMA.BOYD@sakilacustomer.org,138,1,2021-02-14 22:04:36.000,M,1985-01-19
135,JUANITA,MASON,JUANITA.MASON@sakilacustomer.org,139,1,2021-02-14 22:04:36.000,M,1982-01-03
136,ANITA,MORALES,ANITA.MORALES@sakilacustomer.org,140,1,2021-02-14 22:04:36.000,M,1970-11-12
137,RHONDA,KENNEDY,RHONDA.KENNEDY@sakilacustomer.org,141,1,2021-02-14 22:04:36.000,F,1974-09-05
138,HAZEL,WARREN,HAZEL.WARREN@sakilacustomer.org,142,1,2021-02-14 22:04:36.000,F,1987-11-22
139,AMBER,DIXON,AMBER.DIXON@sakilacustomer.org,143,1,2021-02-14 22:04:36.000,M,1971-10-23
140,EVA,RAMOS,EVA.RAMOS@sakilacustomer.org,144,1,2021-02-14 22:04:36.000,M,1953-04-30
141,DEBBIE,REYES,DEBBIE.REYES@sakilacustomer.org,145,1,2021-02-14 22:04:36.000,M,1974-09-10
142,APRIL,BURNS,APRIL.BURNS@sakilacustomer.org,146,1,2021-02-14 22:04:36.000,F,1970-04-04
143,LESLIE,GORDON,LESLIE.GORDON@sakilacustomer.org,147,1,2021-02-14 22:04:36.000,M,1971-09-05
144,CLARA,SHAW,CLARA.SHAW@sakilacustomer.org,148,1,2021-02-14 22:04:36.000,M,1990-11-04
145,LUCILLE,HOLMES,LUCILLE.HOLMES@sakilacustomer.org,149,1,2021-02-14 22:04:36.000,F,1981-08-18
146,JAMIE,RICE,JAMIE.RICE@sakilacustomer.org,150,1,2021-02-14 22:04:36.000,M,1989-06-25
147,JOANNE,ROBERTSON,JOANNE.ROBERTSON@sakilacustomer.org,151,1,2021-02-14 22:04:36.000,F,1975-11-05
148,ELEANOR,HUNT,ELEANOR.HUNT@sakilacustomer.org,152,1,2021-02-14 22:04:36.000,M,1988-12-07
149,VALERIE,BLACK,VALERIE.BLACK@sakilacustomer.org,153,1,2021-02-14 22:04:36.000,M,1983-10-20
150,DANIELLE,DANIELS,DANIELLE.DANIELS@sakilacustomer.org,154,1,2021-02-14 22:04:36.000,M,1982-09-18
151,MEGAN,PALMER,MEGAN.PALMER@sakilacustomer.org,155,1,2021-02-14 22:04:36.000,M,1977-09-13
152,ALICIA,MILLS,ALICIA.MILLS@sakilacustomer.org,156,1,2021-02-14 22:04:36.000,M,1977-04-06
153,SUZANNE,NICHOLS,SUZANNE.NICHOLS@sakilacustomer.org,157,1,2021-02-14 22:04:36.000,M,1974-10-16
154,MICHELE,GRANT,MICHELE.GRANT@sakilacustomer.org,158,1,2021-02-14 22:04:36.000,M,1967-03-02
155,GAIL,KNIGHT,GAIL.KNIGHT@sakilacustomer.org,159,1,2021-02-14 22:04:36.000,M,1989-02-15
156,BERTHA,FERGUSON,BERTHA.FERGUSON@sakilacustomer.org,160,1,2021-02-14 22:04:36.000,M,1974-09-23
157,DARLENE,ROSE,DARLENE.ROSE@sakilacustomer.org,161,1,2021-02-14 22:04:36.000,F,1977-10-05
158,VERONICA,STONE,VERONICA.STONE@sakilacustomer.org,162,1,2021-02-14 22:04:36.000,F,1986-12-08
159,JILL,HAWKINS,JILL.HAWKINS@sakilacustomer.org,163,1,2021-02-14 22:04:36.000,M,1984-12-08
160,ERIN,DUNN,ERIN.DUNN@sakilacustomer.org,164,1,2021-02-14 22:04:36.000,M,1977-01-15
161,GERALDINE,PERKINS,GERALDINE.PERKINS@sakilacustomer.org,165,1,2021-02-14 22:04:36.000,M,1985-02-06
162,LAUREN,HUDSON,LAUREN.HUDSON@sakilacustomer.org,166,1,2021-02-14 22:04:36.000,F,1980-12-25
163,CATHY,SPENCER,CATHY.SPENCER@sakilacustomer.org,167,1,2021-02-14 22:04:36.000,M,1990-04-13
164,JOANN,GARDNER,JOANN.GARDNER@sakilacustomer.org,168,1,2021-02-14 22:04:36.000,M,1988-09-24
165,LORRAINE,STEPHENS,LORRAINE.STEPHENS@sakilacustomer.org,169,1,2021-02-14 22:04:36.000,M,1988-12-16
166,LYNN,PAYNE,LYNN.PAYNE@sakilacustomer.org,170,1,2021-02-14 22:04:36.000,M,1983-06-22
167,SALLY,PIERCE,SALLY.PIERCE@sakilacustomer.org,171,1,2021-02-14 22:04:36.000,M,1979-11-02
168,REGINA,BERRY,REGINA.BERRY@sakilacustomer.org,172,1,2021-02-14 22:04:36.000,M,1984-08-25
169,ERICA,MATTHEWS,ERICA.MATTHEWS@sakilacustomer.org,173,0,2021-02-14 22:04:36.000,F,1983-04-02
170,BEATRICE,ARNOLD,BEATRICE.ARNOLD@sakilacustomer.org,174,1,2021-02-14 22:04:36.000,M,1977-04-16
171,DOLORES,WAGNER,DOLORES.WAGNER@sakilacustomer.org,175,1,2021-02-14 22:04:36.000,M,1981-08-03
172,BERNICE,WILLIS,BERNICE.WILLIS@sakilacustomer.org,176,1,2021-02-14 22:04:36.000,M,1986-10-24
173,AUDREY,RAY,AUDREY.RAY@sakilacustomer.org,177,1,2021-02-14 22:04:36.000,M,1987-07-15
174,YVONNE,WATKINS,YVONNE.WATKINS@sakilacustomer.org,178,1,2021-02-14 22:04:36.000,M,1986-01-05
175,ANNETTE,OLSON,ANNETTE.OLSON@sakilacustomer.org,179,1,2021-02-14 22:04:36.000,M,1989-01-08
176,JUNE,CARROLL,JUNE.CARROLL@sakilacustomer.org,180,1,2021-02-14 22:04:36.000,M,1985-09-23
177,SAMANTHA,DUNCAN,SAMANTHA.DUNCAN@sakilacustomer.org,181,1,2021-02-14 22:04:36.000,M,1982-02-11
178,MARION,SNYDER,MARION.SNYDER@sakilacustomer.org,182,1,2021-02-14 22:04:36.000,M,1982-03-24
179,DANA,HART,DANA.HART@sakilacustomer.org,183,1,2021-02-14 22:04:36.000,M,1974-11-15
180,STACY,CUNNINGHAM,STACY.CUNNINGHAM@sakilacustomer.org,184,1,2021-02-14 22:04:36.000,F,1984-11-18
181,ANA,BRADLEY,ANA.BRADLEY@sakilacustomer.org,185,1,2021-02-14 22:04:36.000,M,1984-11-17
182,RENEE,LANE,RENEE.LANE@sakilacustomer.org,186,1,2021-02-14 22:04:36.000,M,1986-12-01
183,IDA,ANDREWS,IDA.ANDREWS@sakilacustomer.org,187,1,2021-02-14 22:04:36.000,F,1979-07-02
184,VIVIAN,RUIZ,VIVIAN.RUIZ@sakilacustomer.org,188,1,2021-02-14 22:04:36.000,M,1986-04-05
185,ROBERTA,HARPER,ROBERTA.HARPER@sakilacustomer.org,189,1,2021-02-14 22:04:36.000,M,1975-12-21
186,HOLLY,FOX,HOLLY.FOX@sakilacustomer.org,190,1,2021-02-14 22:04:36.000,M,1990-05-24
187,BRITTANY,RILEY,BRITTANY.RILEY@sakilacustomer.org,191,1,2021-02-14 22:04:36.000,F,1989-04-15
188,MELANIE,ARMSTRONG,MELANIE.ARMSTRONG@sakilacustomer.org,192,1,2021-02-14 22:04:36.000,M,1985-11-24
189,LORETTA,CARPENTER,LORETTA.CARPENTER@sakilacustomer.org,193,1,2021-02-14 22:04:36.000,F,1972-07-24
190,YOLANDA,WEAVER,YOLANDA.WEAVER@sakilacustomer.org,194,1,2021-02-14 22:04:36.000,M,1985-02-28
191,JEANETTE,GREENE,JEANETTE.GREENE@sakilacustomer.org,195,1,2021-02-14 22:04:36.000,M,1988-03-14
192,LAURIE,LAWRENCE,LAURIE.LAWRENCE@sakilacustomer.org,196,1,2021-02-14 22:04:36.000,F,1983-02-28
193,KATIE,ELLIOTT,KATIE.ELLIOTT@sakilacustomer.org,197,1,2021-02-14 22:04:36.000,M,1988-12-05
194,KRISTEN,CHAVEZ,KRISTEN.CHAVEZ@sakilacustomer.org,198,1,2021-02-14 22:04:36.000,M,1989-06-25
195,VANESSA,SIMS,VANESSA.SIMS@sakilacustomer.org,199,1,2021-02-14 22:04:36.000,M,1985-12-25
196,ALMA,AUSTIN,ALMA.AUSTIN@sakilacustomer.org,200,1,2021-02-14 22:04:36.000,M,1980-10-04
197,SUE,PETERS,SUE.PETERS@sakilacustomer.org,201,1,2021-02-14 22:04:36.000,M,1977-10-04
198,ELSIE,KELLEY,ELSIE.KELLEY@sakilacustomer.org,202,1,2021-02-14 22:04:36.000,F,1988-11-26
199,BETH,FRANKLIN,BETH.FRANKLIN@sakilacustomer.org,203,1,2021-02-14 22:04:36.000,F,1987-02-10
200,JEANNE,LAWSON,JEANNE.LAWSON@sakilacustomer.org,204,1,2021-02-14 22:04:36.000,M,1987-09-06
201,VICKI,FIELDS,VICKI.FIELDS@sakilacustomer.org,205,1,2021-02-14 22:04:36.000,M,1977-02-10
202,CARLA,GUTIERREZ,CARLA.GUTIERREZ@sakilacustomer.org,206,1,2021-02-14 22:04:36.000,M,1989-11-10
203,TARA,RYAN,TARA.RYAN@sakilacustomer.org,207,1,2021-02-14 22:04:36.000,M,1981-05-28
204,ROSEMARY,SCHMIDT,ROSEMARY.SCHMIDT@sakilacustomer.org,208,1,2021-02-14 22:04:36.000,M,1988-05-10
205,EILEEN,CARR,EILEEN.CARR@sakilacustomer.org,209,1,2021-02-14 22:04:36.000,F,1980-07-18
206,TERRI,VASQUEZ,TERRI.VASQUEZ@sakilacustomer.org,210,1,2021-02-14 22:04:36.000,M,1962-09-13
207,GERTRUDE,CASTILLO,GERTRUDE.CASTILLO@sakilacustomer.org,211,1,2021-02-14 22:04:36.000,M,1970-10-18
208,LUCY,WHEELER,LUCY.WHEELER@sakilacustomer.org,212,1,2021-02-14 22:04:36.000,M,1987-02-10
209,TONYA,CHAPMAN,TONYA.CHAPMAN@sakilacustomer.org,213,1,2021-02-14 22:04:36.000,F,1990-11-01
210,ELLA,OLIVER,ELLA.OLIVER@sakilacustomer.org,214,1,2021-02-14 22:04:36.000,F,1969-09-17
211,STACEY,MONTGOMERY,STACEY.MONTGOMERY@sakilacustomer.org,215,1,2021-02-14 22:04:36.000,M,1977-10-26
212,WILMA,RICHARDS,WILMA.RICHARDS@sakilacustomer.org,216,1,2021-02-14 22:04:36.000,M,1976-03-18
213,GINA,WILLIAMSON,GINA.WILLIAMSON@sakilacustomer.org,217,1,2021-02-14 22:04:36.000,M,1966-12-05
214,KRISTIN,JOHNSTON,KRISTIN.JOHNSTON@sakilacustomer.org,218,1,2021-02-14 22:04:36.000,M,1989-03-28
215,JESSIE,BANKS,JESSIE.BANKS@sakilacustomer.org,219,1,2021-02-14 22:04:36.000,M,1986-04-30
216,NATALIE,MEYER,NATALIE.MEYER@sakilacustomer.org,220,1,2021-02-14 22:04:36.000,M,1976-03-06
217,AGNES,BISHOP,AGNES.BISHOP@sakilacustomer.org,221,1,2021-02-14 22:04:36.000,M,1976-01-30
218,VERA,MCCOY,VERA.MCCOY@sakilacustomer.org,222,1,2021-02-14 22:04:36.000,M,1990-04-28
219,WILLIE,HOWELL,WILLIE.HOWELL@sakilacustomer.org,223,1,2021-02-14 22:04:36.000,M,1987-03-12
220,CHARLENE,ALVAREZ,CHARLENE.ALVAREZ@sakilacustomer.org,224,1,2021-02-14 22:04:36.000,F,1975-12-25
221,BESSIE,MORRISON,BESSIE.MORRISON@sakilacustomer.org,225,1,2021-02-14 22:04:36.000,M,1987-05-26
222,DELORES,HANSEN,DELORES.HANSEN@sakilacustomer.org,226,1,2021-02-14 22:04:36.000,M,1968-09-17
223,MELINDA,FERNANDEZ,MELINDA.FERNANDEZ@sakilacustomer.org,227,1,2021-02-14 22:04:36.000,M,1987-12-22
224,PEARL,GARZA,PEARL.GARZA@sakilacustomer.org,228,1,2021-02-14 22:04:36.000,M,1981-11-06
225,ARLENE,HARVEY,ARLENE.HARVEY@sakilacustomer.org,229,1,2021-02-14 22:04:36.000,M,1984-03-29
226,MAUREEN,LITTLE,MAUREEN.LITTLE@sakilacustomer.org,230,1,2021-02-14 22:04:36.000,M,1984-08-11
227,COLLEEN,BURTON,COLLEEN.BURTON@sakilacustomer.org,231,1,2021-02-14 22:04:36.000,M,1971-02-18
228,ALLISON,STANLEY,ALLISON.STANLEY@sakilacustomer.org,232,1,2021-02-14 22:04:36.000,M,1976-01-18
229,TAMARA,NGUYEN,TAMARA.NGUYEN@sakilacustomer.org,233,1,2021-02-14 22:04:36.000,F,1970-07-31
230,JOY,GEORGE,JOY.GEORGE@sakilacustomer.org,234,1,2021-02-14 22:04:36.000,M,1971-12-17
231,GEORGIA,JACOBS,GEORGIA.JACOBS@sakilacustomer.org,235,1,2021-02-14 22:04:36.000,F,1954-04-24
232,CONSTANCE,REID,CONSTANCE.REID@sakilacustomer.org,236,1,2021-02-14 22:04:36.000,M,1970-12-03
233,LILLIE,KIM,LILLIE.KIM@sakilacustomer.org,237,1,2021-02-14 22:04:36.000,M,1971-08-27
234,CLAUDIA,FULLER,CLAUDIA.FULLER@sakilacustomer.org,238,1,2021-02-14 22:04:36.000,F,1976-01-06
235,JACKIE,LYNCH,JACKIE.LYNCH@sakilacustomer.org,239,1,2021-02-14 22:04:36.000,F,1976-02-11
236,MARCIA,DEAN,MARCIA.DEAN@sakilacustomer.org,240,1,2021-02-14 22:04:36.000,M,1976-04-16
237,TANYA,GILBERT,TANYA.GILBERT@sakilacustomer.org,241,1,2021-02-14 22:04:36.000,M,1977-04-17
238,NELLIE,GARRETT,NELLIE.GARRETT@sakilacustomer.org,242,1,2021-02-14 22:04:36.000,M,1984-08-01
239,MINNIE,ROMERO,MINNIE.ROMERO@sakilacustomer.org,243,1,2021-02-14 22:04:36.000,F,1984-11-20
240,MARLENE,WELCH,MARLENE.WELCH@sakilacustomer.org,244,1,2021-02-14 22:04:36.000,M,1978-07-18
241,HEIDI,LARSON,HEIDI.LARSON@sakilacustomer.org,245,0,2021-02-14 22:04:36.000,M,1983-07-08
242,GLENDA,FRAZIER,GLENDA.FRAZIER@sakilacustomer.org,246,1,2021-02-14 22:04:36.000,F,1976-03-06
243,LYDIA,BURKE,LYDIA.BURKE@sakilacustomer.org,247,1,2021-02-14 22:04:36.000,F,1976-02-23
244,VIOLA,HANSON,VIOLA.HANSON@sakilacustomer.org,248,1,2021-02-14 22:04:36.000,M,1984-09-20
245,COURTNEY,DAY,COURTNEY.DAY@sakilacustomer.org,249,1,2021-02-14 22:04:36.000,F,1976-01-04
246,MARIAN,MENDOZA,MARIAN.MENDOZA@sakilacustomer.org,250,1,2021-02-14 22:04:36.000,M,1977-02-14
247,STELLA,MORENO,STELLA.MORENO@sakilacustomer.org,251,1,2021-02-14 22:04:36.000,F,1979-03-09
248,CAROLINE,BOWMAN,CAROLINE.BOWMAN@sakilacustomer.org,252,1,2021-02-14 22:04:36.000,M,1979-07-01
249,DORA,MEDINA,DORA.MEDINA@sakilacustomer.org,253,1,2021-02-14 22:04:36.000,F,1984-10-11
250,JO,FOWLER,JO.FOWLER@sakilacustomer.org,254,1,2021-02-14 22:04:36.000,F,1978-02-10
251,VICKIE,BREWER,VICKIE.BREWER@sakilacustomer.org,255,1,2021-02-14 22:04:36.000,M,1984-08-17
252,MATTIE,HOFFMAN,MATTIE.HOFFMAN@sakilacustomer.org,256,1,2021-02-14 22:04:36.000,M,1974-08-21
253,TERRY,CARLSON,TERRY.CARLSON@sakilacustomer.org,258,1,2021-02-14 22:04:36.000,F,1970-11-30
254,MAXINE,SILVA,MAXINE.SILVA@sakilacustomer.org,259,1,2021-02-14 22:04:36.000,M,1970-11-24
255,IRMA,PEARSON,IRMA.PEARSON@sakilacustomer.org,260,1,2021-02-14 22:04:36.000,M,1966-11-29
256,MABEL,HOLLAND,MABEL.HOLLAND@sakilacustomer.org,261,1,2021-02-14 22:04:36.000,M,1952-05-12
257,MARSHA,DOUGLAS,MARSHA.DOUGLAS@sakilacustomer.org,262,1,2021-02-14 22:04:36.000,M,1972-09-17
258,MYRTLE,FLEMING,MYRTLE.FLEMING@sakilacustomer.org,263,1,2021-02-14 22:04:36.000,F,1971-01-04
259,LENA,JENSEN,LENA.JENSEN@sakilacustomer.org,264,1,2021-02-14 22:04:36.000,M,1973-06-03
260,CHRISTY,VARGAS,CHRISTY.VARGAS@sakilacustomer.org,265,1,2021-02-14 22:04:36.000,F,1978-01-29
261,DEANNA,BYRD,DEANNA.BYRD@sakilacustomer.org,266,1,2021-02-14 22:04:36.000,M,1978-01-17
262,PATSY,DAVIDSON,PATSY.DAVIDSON@sakilacustomer.org,267,1,2021-02-14 22:04:36.000,M,1964-06-21
263,HILDA,HOPKINS,HILDA.HOPKINS@sakilacustomer.org,268,1,2021-02-14 22:04:36.000,F,1975-12-13
264,GWENDOLYN,MAY,GWENDOLYN.MAY@sakilacustomer.org,269,1,2021-02-14 22:04:36.000,F,1984-03-25
265,JENNIE,TERRY,JENNIE.TERRY@sakilacustomer.org,270,1,2021-02-14 22:04:36.000,M,1977-03-27
266,NORA,HERRERA,NORA.HERRERA@sakilacustomer.org,271,1,2021-02-14 22:04:36.000,M,1980-05-28
267,MARGIE,WADE,MARGIE.WADE@sakilacustomer.org,272,1,2021-02-14 22:04:36.000,F,1978-05-19
268,NINA,SOTO,NINA.SOTO@sakilacustomer.org,273,1,2021-02-14 22:04:36.000,M,1988-03-13
269,CASSANDRA,WALTERS,CASSANDRA.WALTERS@sakilacustomer.org,274,1,2021-02-14 22:04:36.000,M,1987-05-26
270,LEAH,CURTIS,LEAH.CURTIS@sakilacustomer.org,275,1,2021-02-14 22:04:36.000,M,1975-05-17
271,PENNY,NEAL,PENNY.NEAL@sakilacustomer.org,276,0,2021-02-14 22:04:36.000,M,1976-01-06
272,KAY,CALDWELL,KAY.CALDWELL@sakilacustomer.org,277,1,2021-02-14 22:04:37.000,F,1985-01-30
273,PRISCILLA,LOWE,PRISCILLA.LOWE@sakilacustomer.org,278,1,2021-02-14 22:04:37.000,M,1977-06-06
274,NAOMI,JENNINGS,NAOMI.JENNINGS@sakilacustomer.org,279,1,2021-02-14 22:04:37.000,M,1951-10-17
275,CAROLE,BARNETT,CAROLE.BARNETT@sakilacustomer.org,280,1,2021-02-14 22:04:37.000,M,1968-12-25
276,BRANDY,GRAVES,BRANDY.GRAVES@sakilacustomer.org,281,1,2021-02-14 22:04:37.000,F,1980-02-27
277,OLGA,JIMENEZ,OLGA.JIMENEZ@sakilacustomer.org,282,1,2021-02-14 22:04:37.000,F,1962-08-29
278,BILLIE,HORTON,BILLIE.HORTON@sakilacustomer.org,283,1,2021-02-14 22:04:37.000,M,1975-02-04
279,DIANNE,SHELTON,DIANNE.SHELTON@sakilacustomer.org,284,1,2021-02-14 22:04:37.000,M,1974-01-18
280,TRACEY,BARRETT,TRACEY.BARRETT@sakilacustomer.org,285,1,2021-02-14 22:04:37.000,F,1974-12-06
281,LEONA,OBRIEN,LEONA.OBRIEN@sakilacustomer.org,286,1,2021-02-14 22:04:37.000,M,1968-03-09
282,JENNY,CASTRO,JENNY.CASTRO@sakilacustomer.org,287,1,2021-02-14 22:04:37.000,M,1963-12-11
283,FELICIA,SUTTON,FELICIA.SUTTON@sakilacustomer.org,288,1,2021-02-14 22:04:37.000,M,1974-02-11
284,SONIA,GREGORY,SONIA.GREGORY@sakilacustomer.org,289,1,2021-02-14 22:04:37.000,M,1978-01-05
285,MIRIAM,MCKINNEY,MIRIAM.MCKINNEY@sakilacustomer.org,290,1,2021-02-14 22:04:37.000,M,1975-01-11
286,VELMA,LUCAS,VELMA.LUCAS@sakilacustomer.org,291,1,2021-02-14 22:04:37.000,F,1977-02-14
287,BECKY,MILES,BECKY.MILES@sakilacustomer.org,292,1,2021-02-14 22:04:37.000,F,1957-09-20
288,BOBBIE,CRAIG,BOBBIE.CRAIG@sakilacustomer.org,293,1,2021-02-14 22:04:37.000,F,1975-07-09
289,VIOLET,RODRIQUEZ,VIOLET.RODRIQUEZ@sakilacustomer.org,294,1,2021-02-14 22:04:37.000,F,1968-03-17
290,KRISTINA,CHAMBERS,KRISTINA.CHAMBERS@sakilacustomer.org,295,1,2021-02-14 22:04:37.000,M,1975-09-30
291,TONI,HOLT,TONI.HOLT@sakilacustomer.org,296,1,2021-02-14 22:04:37.000,F,NULL
292,MISTY,LAMBERT,MISTY.LAMBERT@sakilacustomer.org,297,1,2021-02-14 22:04:37.000,F,NULL
293,MAE,FLETCHER,MAE.FLETCHER@sakilacustomer.org,298,1,2021-02-14 22:04:37.000,F,NULL
294,SHELLY,WATTS,SHELLY.WATTS@sakilacustomer.org,299,1,2021-02-14 22:04:37.000,F,NULL
295,DAISY,BATES,DAISY.BATES@sakilacustomer.org,300,1,2021-02-14 22:04:37.000,F,NULL
296,RAMONA,HALE,RAMONA.HALE@sakilacustomer.org,301,1,2021-02-14 22:04:37.000,F,NULL
297,SHERRI,RHODES,SHERRI.RHODES@sakilacustomer.org,302,1,2021-02-14 22:04:37.000,F,NULL
298,ERIKA,PENA,ERIKA.PENA@sakilacustomer.org,303,1,2021-02-14 22:04:37.000,F,NULL
299,JAMES,GANNON,JAMES.GANNON@sakilacustomer.org,304,1,2021-02-14 22:04:37.000,F,NULL
300,JOHN,FARNSWORTH,JOHN.FARNSWORTH@sakilacustomer.org,305,1,2021-02-14 22:04:37.000,F,NULL
301,ROBERT,BAUGHMAN,ROBERT.BAUGHMAN@sakilacustomer.org,306,1,2021-02-14 22:04:37.000,F,NULL
302,MICHAEL,SILVERMAN,MICHAEL.SILVERMAN@sakilacustomer.org,307,1,2021-02-14 22:04:37.000,F,NULL
303,WILLIAM,SATTERFIELD,WILLIAM.SATTERFIELD@sakilacustomer.org,308,1,2021-02-14 22:04:37.000,F,NULL
304,DAVID,ROYAL,DAVID.ROYAL@sakilacustomer.org,309,1,2021-02-14 22:04:37.000,F,NULL
305,RICHARD,MCCRARY,RICHARD.MCCRARY@sakilacustomer.org,310,1,2021-02-14 22:04:37.000,F,NULL
306,CHARLES,KOWALSKI,CHARLES.KOWALSKI@sakilacustomer.org,311,1,2021-02-14 22:04:37.000,F,NULL
307,JOSEPH,JOY,JOSEPH.JOY@sakilacustomer.org,312,1,2021-02-14 22:04:37.000,F,NULL
308,THOMAS,GRIGSBY,THOMAS.GRIGSBY@sakilacustomer.org,313,1,2021-02-14 22:04:37.000,F,NULL
309,CHRISTOPHER,GRECO,CHRISTOPHER.GRECO@sakilacustomer.org,314,1,2021-02-14 22:04:37.000,F,NULL
310,DANIEL,CABRAL,DANIEL.CABRAL@sakilacustomer.org,315,1,2021-02-14 22:04:37.000,F,NULL
311,PAUL,TROUT,PAUL.TROUT@sakilacustomer.org,316,1,2021-02-14 22:04:37.000,F,NULL
312,MARK,RINEHART,MARK.RINEHART@sakilacustomer.org,317,1,2021-02-14 22:04:37.000,F,NULL
313,DONALD,MAHON,DONALD.MAHON@sakilacustomer.org,318,1,2021-02-14 22:04:37.000,F,NULL
314,GEORGE,LINTON,GEORGE.LINTON@sakilacustomer.org,319,1,2021-02-14 22:04:37.000,F,NULL
315,KENNETH,GOODEN,KENNETH.GOODEN@sakilacustomer.org,320,0,2021-02-14 22:04:37.000,F,NULL
316,STEVEN,CURLEY,STEVEN.CURLEY@sakilacustomer.org,321,1,2021-02-14 22:04:37.000,F,NULL
317,EDWARD,BAUGH,EDWARD.BAUGH@sakilacustomer.org,322,1,2021-02-14 22:04:37.000,F,NULL
318,BRIAN,WYMAN,BRIAN.WYMAN@sakilacustomer.org,323,1,2021-02-14 22:04:37.000,F,NULL
319,RONALD,WEINER,RONALD.WEINER@sakilacustomer.org,324,1,2021-02-14 22:04:37.000,F,NULL
320,ANTHONY,SCHWAB,ANTHONY.SCHWAB@sakilacustomer.org,325,1,2021-02-14 22:04:37.000,F,NULL
321,KEVIN,SCHULER,KEVIN.SCHULER@sakilacustomer.org,326,1,2021-02-14 22:04:37.000,F,NULL
322,JASON,MORRISSEY,JASON.MORRISSEY@sakilacustomer.org,327,1,2021-02-14 22:04:37.000,F,NULL
323,MATTHEW,MAHAN,MATTHEW.MAHAN@sakilacustomer.org,328,1,2021-02-14 22:04:37.000,F,NULL
324,GARY,COY,GARY.COY@sakilacustomer.org,329,1,2021-02-14 22:04:37.000,F,NULL
325,TIMOTHY,BUNN,TIMOTHY.BUNN@sakilacustomer.org,330,1,2021-02-14 22:04:37.000,F,NULL
326,JOSE,ANDREW,JOSE.ANDREW@sakilacustomer.org,331,1,2021-02-14 22:04:37.000,F,NULL
327,LARRY,THRASHER,LARRY.THRASHER@sakilacustomer.org,332,1,2021-02-14 22:04:37.000,F,NULL
328,JEFFREY,SPEAR,JEFFREY.SPEAR@sakilacustomer.org,333,1,2021-02-14 22:04:37.000,F,NULL
329,FRANK,WAGGONER,FRANK.WAGGONER@sakilacustomer.org,334,1,2021-02-14 22:04:37.000,F,NULL
330,SCOTT,SHELLEY,SCOTT.SHELLEY@sakilacustomer.org,335,1,2021-02-14 22:04:37.000,F,NULL
331,ERIC,ROBERT,ERIC.ROBERT@sakilacustomer.org,336,1,2021-02-14 22:04:37.000,F,NULL
332,STEPHEN,QUALLS,STEPHEN.QUALLS@sakilacustomer.org,337,1,2021-02-14 22:04:37.000,F,NULL
333,ANDREW,PURDY,ANDREW.PURDY@sakilacustomer.org,338,1,2021-02-14 22:04:37.000,F,NULL
334,RAYMOND,MCWHORTER,RAYMOND.MCWHORTER@sakilacustomer.org,339,1,2021-02-14 22:04:37.000,F,NULL
335,GREGORY,MAULDIN,GREGORY.MAULDIN@sakilacustomer.org,340,1,2021-02-14 22:04:37.000,F,NULL
336,JOSHUA,MARK,JOSHUA.MARK@sakilacustomer.org,341,1,2021-02-14 22:04:37.000,F,NULL
337,JERRY,JORDON,JERRY.JORDON@sakilacustomer.org,342,1,2021-02-14 22:04:37.000,F,NULL
338,DENNIS,GILMAN,DENNIS.GILMAN@sakilacustomer.org,343,1,2021-02-14 22:04:37.000,F,NULL
339,WALTER,PERRYMAN,WALTER.PERRYMAN@sakilacustomer.org,344,1,2021-02-14 22:04:37.000,F,NULL
340,PATRICK,NEWSOM,PATRICK.NEWSOM@sakilacustomer.org,345,1,2021-02-14 22:04:37.000,F,NULL
341,PETER,MENARD,PETER.MENARD@sakilacustomer.org,346,1,2021-02-14 22:04:37.000,F,NULL
342,HAROLD,MARTINO,HAROLD.MARTINO@sakilacustomer.org,347,1,2021-02-14 22:04:37.000,F,NULL
343,DOUGLAS,GRAF,DOUGLAS.GRAF@sakilacustomer.org,348,1,2021-02-14 22:04:37.000,F,NULL
344,HENRY,BILLINGSLEY,HENRY.BILLINGSLEY@sakilacustomer.org,349,1,2021-02-14 22:04:37.000,F,NULL
345,CARL,ARTIS,CARL.ARTIS@sakilacustomer.org,350,1,2021-02-14 22:04:37.000,F,NULL
346,ARTHUR,SIMPKINS,ARTHUR.SIMPKINS@sakilacustomer.org,351,1,2021-02-14 22:04:37.000,F,NULL
347,RYAN,SALISBURY,RYAN.SALISBURY@sakilacustomer.org,352,1,2021-02-14 22:04:37.000,F,NULL
348,ROGER,QUINTANILLA,ROGER.QUINTANILLA@sakilacustomer.org,353,1,2021-02-14 22:04:37.000,F,NULL
349,JOE,GILLILAND,JOE.GILLILAND@sakilacustomer.org,354,1,2021-02-14 22:04:37.000,F,NULL
350,JUAN,FRALEY,JUAN.FRALEY@sakilacustomer.org,355,1,2021-02-14 22:04:37.000,F,NULL
351,JACK,FOUST,JACK.FOUST@sakilacustomer.org,356,1,2021-02-14 22:04:37.000,F,NULL
352,ALBERT,CROUSE,ALBERT.CROUSE@sakilacustomer.org,357,1,2021-02-14 22:04:37.000,F,NULL
353,JONATHAN,SCARBOROUGH,JONATHAN.SCARBOROUGH@sakilacustomer.org,358,1,2021-02-14 22:04:37.000,F,NULL
354,JUSTIN,NGO,JUSTIN.NGO@sakilacustomer.org,359,1,2021-02-14 22:04:37.000,F,NULL
355,TERRY,GRISSOM,TERRY.GRISSOM@sakilacustomer.org,360,1,2021-02-14 22:04:37.000,F,NULL
356,GERALD,FULTZ,GERALD.FULTZ@sakilacustomer.org,361,1,2021-02-14 22:04:37.000,F,NULL
357,KEITH,RICO,KEITH.RICO@sakilacustomer.org,362,1,2021-02-14 22:04:37.000,F,NULL
358,SAMUEL,MARLOW,SAMUEL.MARLOW@sakilacustomer.org,363,1,2021-02-14 22:04:37.000,F,NULL
359,WILLIE,MARKHAM,WILLIE.MARKHAM@sakilacustomer.org,364,1,2021-02-14 22:04:37.000,F,NULL
360,RALPH,MADRIGAL,RALPH.MADRIGAL@sakilacustomer.org,365,1,2021-02-14 22:04:37.000,F,NULL
361,LAWRENCE,LAWTON,LAWRENCE.LAWTON@sakilacustomer.org,366,1,2021-02-14 22:04:37.000,F,NULL
362,NICHOLAS,BARFIELD,NICHOLAS.BARFIELD@sakilacustomer.org,367,1,2021-02-14 22:04:37.000,F,NULL
363,ROY,WHITING,ROY.WHITING@sakilacustomer.org,368,1,2021-02-14 22:04:37.000,F,NULL
364,BENJAMIN,VARNEY,BENJAMIN.VARNEY@sakilacustomer.org,369,1,2021-02-14 22:04:37.000,F,NULL
365,BRUCE,SCHWARZ,BRUCE.SCHWARZ@sakilacustomer.org,370,1,2021-02-14 22:04:37.000,F,NULL
366,BRANDON,HUEY,BRANDON.HUEY@sakilacustomer.org,371,1,2021-02-14 22:04:37.000,F,NULL
367,ADAM,GOOCH,ADAM.GOOCH@sakilacustomer.org,372,1,2021-02-14 22:04:37.000,F,NULL
368,HARRY,ARCE,HARRY.ARCE@sakilacustomer.org,373,0,2021-02-14 22:04:37.000,F,NULL
369,FRED,WHEAT,FRED.WHEAT@sakilacustomer.org,374,1,2021-02-14 22:04:37.000,F,NULL
370,WAYNE,TRUONG,WAYNE.TRUONG@sakilacustomer.org,375,1,2021-02-14 22:04:37.000,F,NULL
371,BILLY,POULIN,BILLY.POULIN@sakilacustomer.org,376,1,2021-02-14 22:04:37.000,F,NULL
372,STEVE,MACKENZIE,STEVE.MACKENZIE@sakilacustomer.org,377,1,2021-02-14 22:04:37.000,F,NULL
373,LOUIS,LEONE,LOUIS.LEONE@sakilacustomer.org,378,1,2021-02-14 22:04:37.000,F,NULL
374,JEREMY,HURTADO,JEREMY.HURTADO@sakilacustomer.org,379,1,2021-02-14 22:04:37.000,F,NULL
375,AARON,SELBY,AARON.SELBY@sakilacustomer.org,380,1,2021-02-14 22:04:37.000,F,NULL
376,RANDY,GAITHER,RANDY.GAITHER@sakilacustomer.org,381,1,2021-02-14 22:04:37.000,F,NULL
377,HOWARD,FORTNER,HOWARD.FORTNER@sakilacustomer.org,382,1,2021-02-14 22:04:37.000,M,NULL
378,EUGENE,CULPEPPER,EUGENE.CULPEPPER@sakilacustomer.org,383,1,2021-02-14 22:04:37.000,M,NULL
379,CARLOS,COUGHLIN,CARLOS.COUGHLIN@sakilacustomer.org,384,1,2021-02-14 22:04:37.000,M,NULL
380,RUSSELL,BRINSON,RUSSELL.BRINSON@sakilacustomer.org,385,1,2021-02-14 22:04:37.000,M,NULL
381,BOBBY,BOUDREAU,BOBBY.BOUDREAU@sakilacustomer.org,386,1,2021-02-14 22:04:37.000,M,NULL
382,VICTOR,BARKLEY,VICTOR.BARKLEY@sakilacustomer.org,387,1,2021-02-14 22:04:37.000,M,NULL
383,MARTIN,BALES,MARTIN.BALES@sakilacustomer.org,388,1,2021-02-14 22:04:37.000,M,NULL
384,ERNEST,STEPP,ERNEST.STEPP@sakilacustomer.org,389,1,2021-02-14 22:04:37.000,M,NULL
385,PHILLIP,HOLM,PHILLIP.HOLM@sakilacustomer.org,390,1,2021-02-14 22:04:37.000,M,NULL
386,TODD,TAN,TODD.TAN@sakilacustomer.org,391,1,2021-02-14 22:04:37.000,M,NULL
387,JESSE,SCHILLING,JESSE.SCHILLING@sakilacustomer.org,392,1,2021-02-14 22:04:37.000,M,NULL
388,CRAIG,MORRELL,CRAIG.MORRELL@sakilacustomer.org,393,1,2021-02-14 22:04:37.000,M,NULL
389,ALAN,KAHN,ALAN.KAHN@sakilacustomer.org,394,1,2021-02-14 22:04:37.000,M,NULL
390,SHAWN,HEATON,SHAWN.HEATON@sakilacustomer.org,395,1,2021-02-14 22:04:37.000,M,NULL
391,CLARENCE,GAMEZ,CLARENCE.GAMEZ@sakilacustomer.org,396,1,2021-02-14 22:04:37.000,M,NULL
392,SEAN,DOUGLASS,SEAN.DOUGLASS@sakilacustomer.org,397,1,2021-02-14 22:04:37.000,M,NULL
393,PHILIP,CAUSEY,PHILIP.CAUSEY@sakilacustomer.org,398,1,2021-02-14 22:04:37.000,M,NULL
394,CHRIS,BROTHERS,CHRIS.BROTHERS@sakilacustomer.org,399,1,2021-02-14 22:04:37.000,M,NULL
395,JOHNNY,TURPIN,JOHNNY.TURPIN@sakilacustomer.org,400,1,2021-02-14 22:04:37.000,M,NULL
396,EARL,SHANKS,EARL.SHANKS@sakilacustomer.org,401,1,2021-02-14 22:04:37.000,M,NULL
397,JIMMY,SCHRADER,JIMMY.SCHRADER@sakilacustomer.org,402,1,2021-02-14 22:04:37.000,M,NULL
398,ANTONIO,MEEK,ANTONIO.MEEK@sakilacustomer.org,403,1,2021-02-14 22:04:37.000,M,NULL
399,DANNY,ISOM,DANNY.ISOM@sakilacustomer.org,404,1,2021-02-14 22:04:37.000,M,NULL
400,BRYAN,HARDISON,BRYAN.HARDISON@sakilacustomer.org,405,1,2021-02-14 22:04:37.000,M,NULL
401,TONY,CARRANZA,TONY.CARRANZA@sakilacustomer.org,406,1,2021-02-14 22:04:37.000,M,NULL
402,LUIS,YANEZ,LUIS.YANEZ@sakilacustomer.org,407,1,2021-02-14 22:04:37.000,M,NULL
403,MIKE,WAY,MIKE.WAY@sakilacustomer.org,408,1,2021-02-14 22:04:37.000,M,NULL
404,STANLEY,SCROGGINS,STANLEY.SCROGGINS@sakilacustomer.org,409,1,2021-02-14 22:04:37.000,M,NULL
405,LEONARD,SCHOFIELD,LEONARD.SCHOFIELD@sakilacustomer.org,410,1,2021-02-14 22:04:37.000,M,NULL
406,NATHAN,RUNYON,NATHAN.RUNYON@sakilacustomer.org,411,0,2021-02-14 22:04:37.000,M,NULL
407,DALE,RATCLIFF,DALE.RATCLIFF@sakilacustomer.org,412,1,2021-02-14 22:04:37.000,M,NULL
408,MANUEL,MURRELL,MANUEL.MURRELL@sakilacustomer.org,413,1,2021-02-14 22:04:37.000,M,NULL
409,RODNEY,MOELLER,RODNEY.MOELLER@sakilacustomer.org,414,1,2021-02-14 22:04:37.000,M,NULL
410,CURTIS,IRBY,CURTIS.IRBY@sakilacustomer.org,415,1,2021-02-14 22:04:37.000,M,NULL
411,NORMAN,CURRIER,NORMAN.CURRIER@sakilacustomer.org,416,1,2021-02-14 22:04:37.000,M,NULL
412,ALLEN,BUTTERFIELD,ALLEN.BUTTERFIELD@sakilacustomer.org,417,1,2021-02-14 22:04:37.000,M,NULL
413,MARVIN,YEE,MARVIN.YEE@sakilacustomer.org,418,1,2021-02-14 22:04:37.000,M,NULL
414,VINCENT,RALSTON,VINCENT.RALSTON@sakilacustomer.org,419,1,2021-02-14 22:04:37.000,M,NULL
415,GLENN,PULLEN,GLENN.PULLEN@sakilacustomer.org,420,1,2021-02-14 22:04:37.000,M,NULL
416,JEFFERY,PINSON,JEFFERY.PINSON@sakilacustomer.org,421,1,2021-02-14 22:04:37.000,M,NULL
417,TRAVIS,ESTEP,TRAVIS.ESTEP@sakilacustomer.org,422,1,2021-02-14 22:04:37.000,M,NULL
418,JEFF,EAST,JEFF.EAST@sakilacustomer.org,423,1,2021-02-14 22:04:37.000,M,NULL
419,CHAD,CARBONE,CHAD.CARBONE@sakilacustomer.org,424,1,2021-02-14 22:04:37.000,M,NULL
420,JACOB,LANCE,JACOB.LANCE@sakilacustomer.org,425,1,2021-02-14 22:04:37.000,M,NULL
421,LEE,HAWKS,LEE.HAWKS@sakilacustomer.org,426,1,2021-02-14 22:04:37.000,M,NULL
422,MELVIN,ELLINGTON,MELVIN.ELLINGTON@sakilacustomer.org,427,1,2021-02-14 22:04:37.000,M,NULL
423,ALFRED,CASILLAS,ALFRED.CASILLAS@sakilacustomer.org,428,1,2021-02-14 22:04:37.000,M,NULL
424,KYLE,SPURLOCK,KYLE.SPURLOCK@sakilacustomer.org,429,1,2021-02-14 22:04:37.000,M,NULL
425,FRANCIS,SIKES,FRANCIS.SIKES@sakilacustomer.org,430,1,2021-02-14 22:04:37.000,M,NULL
426,BRADLEY,MOTLEY,BRADLEY.MOTLEY@sakilacustomer.org,431,1,2021-02-14 22:04:37.000,M,NULL
427,JESUS,MCCARTNEY,JESUS.MCCARTNEY@sakilacustomer.org,432,1,2021-02-14 22:04:37.000,M,NULL
428,HERBERT,KRUGER,HERBERT.KRUGER@sakilacustomer.org,433,1,2021-02-14 22:04:37.000,M,NULL
429,FREDERICK,ISBELL,FREDERICK.ISBELL@sakilacustomer.org,434,1,2021-02-14 22:04:37.000,M,NULL
430,RAY,HOULE,RAY.HOULE@sakilacustomer.org,435,1,2021-02-14 22:04:37.000,M,NULL
431,JOEL,FRANCISCO,JOEL.FRANCISCO@sakilacustomer.org,436,1,2021-02-14 22:04:37.000,M,NULL
432,EDWIN,BURK,EDWIN.BURK@sakilacustomer.org,437,1,2021-02-14 22:04:37.000,M,NULL
433,DON,BONE,DON.BONE@sakilacustomer.org,438,1,2021-02-14 22:04:37.000,M,NULL
434,EDDIE,TOMLIN,EDDIE.TOMLIN@sakilacustomer.org,439,1,2021-02-14 22:04:37.000,M,NULL
435,RICKY,SHELBY,RICKY.SHELBY@sakilacustomer.org,440,1,2021-02-14 22:04:37.000,M,NULL
436,TROY,QUIGLEY,TROY.QUIGLEY@sakilacustomer.org,441,1,2021-02-14 22:04:37.000,M,NULL
437,RANDALL,NEUMANN,RANDALL.NEUMANN@sakilacustomer.org,442,1,2021-02-14 22:04:37.000,M,NULL
438,BARRY,LOVELACE,BARRY.LOVELACE@sakilacustomer.org,443,1,2021-02-14 22:04:37.000,M,NULL
439,ALEXANDER,FENNELL,ALEXANDER.FENNELL@sakilacustomer.org,444,1,2021-02-14 22:04:37.000,M,NULL
440,BERNARD,COLBY,BERNARD.COLBY@sakilacustomer.org,445,1,2021-02-14 22:04:37.000,M,NULL
441,MARIO,CHEATHAM,MARIO.CHEATHAM@sakilacustomer.org,446,1,2021-02-14 22:04:37.000,M,NULL
442,LEROY,BUSTAMANTE,LEROY.BUSTAMANTE@sakilacustomer.org,447,1,2021-02-14 22:04:37.000,M,NULL
443,FRANCISCO,SKIDMORE,FRANCISCO.SKIDMORE@sakilacustomer.org,448,1,2021-02-14 22:04:37.000,M,NULL
444,MARCUS,HIDALGO,MARCUS.HIDALGO@sakilacustomer.org,449,1,2021-02-14 22:04:37.000,M,NULL
445,MICHEAL,FORMAN,MICHEAL.FORMAN@sakilacustomer.org,450,1,2021-02-14 22:04:37.000,M,NULL
446,THEODORE,CULP,THEODORE.CULP@sakilacustomer.org,451,0,2021-02-14 22:04:37.000,M,NULL
447,CLIFFORD,BOWENS,CLIFFORD.BOWENS@sakilacustomer.org,452,1,2021-02-14 22:04:37.000,M,NULL
448,MIGUEL,BETANCOURT,MIGUEL.BETANCOURT@sakilacustomer.org,453,1,2021-02-14 22:04:37.000,M,NULL
449,OSCAR,AQUINO,OSCAR.AQUINO@sakilacustomer.org,454,1,2021-02-14 22:04:37.000,M,NULL
450,JAY,ROBB,JAY.ROBB@sakilacustomer.org,455,1,2021-02-14 22:04:37.000,M,NULL
451,JIM,REA,JIM.REA@sakilacustomer.org,456,1,2021-02-14 22:04:37.000,M,NULL
452,TOM,MILNER,TOM.MILNER@sakilacustomer.org,457,1,2021-02-14 22:04:37.000,M,NULL
453,CALVIN,MARTEL,CALVIN.MARTEL@sakilacustomer.org,458,1,2021-02-14 22:04:37.000,M,NULL
454,ALEX,GRESHAM,ALEX.GRESHAM@sakilacustomer.org,459,1,2021-02-14 22:04:37.000,M,NULL
455,JON,WILES,JON.WILES@sakilacustomer.org,460,1,2021-02-14 22:04:37.000,M,NULL
456,RONNIE,RICKETTS,RONNIE.RICKETTS@sakilacustomer.org,461,1,2021-02-14 22:04:37.000,M,NULL
457,BILL,GAVIN,BILL.GAVIN@sakilacustomer.org,462,1,2021-02-14 22:04:37.000,M,NULL
458,LLOYD,DOWD,LLOYD.DOWD@sakilacustomer.org,463,1,2021-02-14 22:04:37.000,M,NULL
459,TOMMY,COLLAZO,TOMMY.COLLAZO@sakilacustomer.org,464,1,2021-02-14 22:04:37.000,M,NULL
460,LEON,BOSTIC,LEON.BOSTIC@sakilacustomer.org,465,1,2021-02-14 22:04:37.000,M,NULL
461,DEREK,BLAKELY,DEREK.BLAKELY@sakilacustomer.org,466,1,2021-02-14 22:04:37.000,M,NULL
462,WARREN,SHERROD,WARREN.SHERROD@sakilacustomer.org,467,1,2021-02-14 22:04:37.000,M,NULL
463,DARRELL,POWER,DARRELL.POWER@sakilacustomer.org,468,1,2021-02-14 22:04:37.000,M,NULL
464,JEROME,KENYON,JEROME.KENYON@sakilacustomer.org,469,1,2021-02-14 22:04:37.000,M,NULL
465,FLOYD,GANDY,FLOYD.GANDY@sakilacustomer.org,470,1,2021-02-14 22:04:37.000,M,NULL
466,LEO,EBERT,LEO.EBERT@sakilacustomer.org,471,1,2021-02-14 22:04:37.000,M,NULL
467,ALVIN,DELOACH,ALVIN.DELOACH@sakilacustomer.org,472,1,2021-02-14 22:04:37.000,M,NULL
468,TIM,CARY,TIM.CARY@sakilacustomer.org,473,1,2021-02-14 22:04:37.000,M,NULL
469,WESLEY,BULL,WESLEY.BULL@sakilacustomer.org,474,1,2021-02-14 22:04:37.000,M,NULL
470,GORDON,ALLARD,GORDON.ALLARD@sakilacustomer.org,475,1,2021-02-14 22:04:37.000,M,NULL
471,DEAN,SAUER,DEAN.SAUER@sakilacustomer.org,476,1,2021-02-14 22:04:37.000,M,NULL
472,GREG,ROBINS,GREG.ROBINS@sakilacustomer.org,477,1,2021-02-14 22:04:37.000,M,NULL
473,JORGE,OLIVARES,JORGE.OLIVARES@sakilacustomer.org,478,1,2021-02-14 22:04:37.000,M,NULL
474,DUSTIN,GILLETTE,DUSTIN.GILLETTE@sakilacustomer.org,479,1,2021-02-14 22:04:37.000,M,NULL
475,PEDRO,CHESTNUT,PEDRO.CHESTNUT@sakilacustomer.org,480,1,2021-02-14 22:04:37.000,M,NULL
476,DERRICK,BOURQUE,DERRICK.BOURQUE@sakilacustomer.org,481,1,2021-02-14 22:04:37.000,M,NULL
477,DAN,PAINE,DAN.PAINE@sakilacustomer.org,482,1,2021-02-14 22:04:37.000,M,NULL
478,LEWIS,LYMAN,LEWIS.LYMAN@sakilacustomer.org,483,1,2021-02-14 22:04:37.000,M,NULL
479,ZACHARY,HITE,ZACHARY.HITE@sakilacustomer.org,484,1,2021-02-14 22:04:37.000,M,NULL
480,COREY,HAUSER,COREY.HAUSER@sakilacustomer.org,485,1,2021-02-14 22:04:37.000,M,NULL
481,HERMAN,DEVORE,HERMAN.DEVORE@sakilacustomer.org,486,1,2021-02-14 22:04:37.000,M,NULL
482,MAURICE,CRAWLEY,MAURICE.CRAWLEY@sakilacustomer.org,487,0,2021-02-14 22:04:37.000,M,NULL
483,VERNON,CHAPA,VERNON.CHAPA@sakilacustomer.org,488,1,2021-02-14 22:04:37.000,M,NULL
484,ROBERTO,VU,ROBERTO.VU@sakilacustomer.org,489,1,2021-02-14 22:04:37.000,M,NULL
485,CLYDE,TOBIAS,CLYDE.TOBIAS@sakilacustomer.org,490,1,2021-02-14 22:04:37.000,M,NULL
486,GLEN,TALBERT,GLEN.TALBERT@sakilacustomer.org,491,1,2021-02-14 22:04:37.000,M,NULL
487,HECTOR,POINDEXTER,HECTOR.POINDEXTER@sakilacustomer.org,492,1,2021-02-14 22:04:37.000,M,NULL
488,SHANE,MILLARD,SHANE.MILLARD@sakilacustomer.org,493,1,2021-02-14 22:04:37.000,M,NULL
489,RICARDO,MEADOR,RICARDO.MEADOR@sakilacustomer.org,494,1,2021-02-14 22:04:37.000,M,NULL
490,SAM,MCDUFFIE,SAM.MCDUFFIE@sakilacustomer.org,495,1,2021-02-14 22:04:37.000,M,NULL
491,RICK,MATTOX,RICK.MATTOX@sakilacustomer.org,496,1,2021-02-14 22:04:37.000,M,NULL
492,LESTER,KRAUS,LESTER.KRAUS@sakilacustomer.org,497,1,2021-02-14 22:04:37.000,M,NULL
493,BRENT,HARKINS,BRENT.HARKINS@sakilacustomer.org,498,1,2021-02-14 22:04:37.000,M,NULL
494,RAMON,CHOATE,RAMON.CHOATE@sakilacustomer.org,499,1,2021-02-14 22:04:37.000,M,NULL
495,CHARLIE,BESS,CHARLIE.BESS@sakilacustomer.org,500,1,2021-02-14 22:04:37.000,M,NULL
496,TYLER,WREN,TYLER.WREN@sakilacustomer.org,501,1,2021-02-14 22:04:37.000,M,NULL
497,GILBERT,SLEDGE,GILBERT.SLEDGE@sakilacustomer.org,502,1,2021-02-14 22:04:37.000,M,NULL
498,GENE,SANBORN,GENE.SANBORN@sakilacustomer.org,503,1,2021-02-14 22:04:37.000,M,NULL
499,MARC,OUTLAW,MARC.OUTLAW@sakilacustomer.org,504,1,2021-02-14 22:04:37.000,M,NULL
500,REGINALD,KINDER,REGINALD.KINDER@sakilacustomer.org,505,1,2021-02-14 22:04:37.000,M,NULL
501,RUBEN,GEARY,RUBEN.GEARY@sakilacustomer.org,506,1,2021-02-14 22:04:37.000,M,NULL
502,BRETT,CORNWELL,BRETT.CORNWELL@sakilacustomer.org,507,1,2021-02-14 22:04:37.000,M,NULL
503,ANGEL,BARCLAY,ANGEL.BARCLAY@sakilacustomer.org,508,1,2021-02-14 22:04:37.000,M,NULL
504,NATHANIEL,ADAM,NATHANIEL.ADAM@sakilacustomer.org,509,1,2021-02-14 22:04:37.000,M,NULL
505,RAFAEL,ABNEY,RAFAEL.ABNEY@sakilacustomer.org,510,1,2021-02-14 22:04:37.000,M,NULL
506,LESLIE,SEWARD,LESLIE.SEWARD@sakilacustomer.org,511,1,2021-02-14 22:04:37.000,M,NULL
507,EDGAR,RHOADS,EDGAR.RHOADS@sakilacustomer.org,512,1,2021-02-14 22:04:37.000,M,NULL
508,MILTON,HOWLAND,MILTON.HOWLAND@sakilacustomer.org,513,1,2021-02-14 22:04:37.000,M,NULL
509,RAUL,FORTIER,RAUL.FORTIER@sakilacustomer.org,514,1,2021-02-14 22:04:37.000,M,NULL
510,BEN,EASTER,BEN.EASTER@sakilacustomer.org,515,0,2021-02-14 22:04:37.000,M,NULL
511,CHESTER,BENNER,CHESTER.BENNER@sakilacustomer.org,516,1,2021-02-14 22:04:37.000,M,NULL
512,CECIL,VINES,CECIL.VINES@sakilacustomer.org,517,1,2021-02-14 22:04:37.000,M,NULL
513,DUANE,TUBBS,DUANE.TUBBS@sakilacustomer.org,519,1,2021-02-14 22:04:37.000,M,NULL
514,FRANKLIN,TROUTMAN,FRANKLIN.TROUTMAN@sakilacustomer.org,520,1,2021-02-14 22:04:37.000,M,NULL
515,ANDRE,RAPP,ANDRE.RAPP@sakilacustomer.org,521,1,2021-02-14 22:04:37.000,M,NULL
516,ELMER,NOE,ELMER.NOE@sakilacustomer.org,522,1,2021-02-14 22:04:37.000,M,NULL
517,BRAD,MCCURDY,BRAD.MCCURDY@sakilacustomer.org,523,1,2021-02-14 22:04:37.000,M,NULL
518,GABRIEL,HARDER,GABRIEL.HARDER@sakilacustomer.org,524,1,2021-02-14 22:04:37.000,M,NULL
519,RON,DELUCA,RON.DELUCA@sakilacustomer.org,525,1,2021-02-14 22:04:37.000,M,NULL
520,MITCHELL,WESTMORELAND,MITCHELL.WESTMORELAND@sakilacustomer.org,526,1,2021-02-14 22:04:37.000,M,NULL
521,ROLAND,SOUTH,ROLAND.SOUTH@sakilacustomer.org,527,1,2021-02-14 22:04:37.000,M,NULL
522,ARNOLD,HAVENS,ARNOLD.HAVENS@sakilacustomer.org,528,1,2021-02-14 22:04:37.000,M,NULL
523,HARVEY,GUAJARDO,HARVEY.GUAJARDO@sakilacustomer.org,529,1,2021-02-14 22:04:37.000,M,NULL
524,JARED,ELY,JARED.ELY@sakilacustomer.org,530,1,2021-02-14 22:04:37.000,M,NULL
525,ADRIAN,CLARY,ADRIAN.CLARY@sakilacustomer.org,531,1,2021-02-14 22:04:37.000,M,NULL
526,KARL,SEAL,KARL.SEAL@sakilacustomer.org,532,1,2021-02-14 22:04:37.000,M,NULL
527,CORY,MEEHAN,CORY.MEEHAN@sakilacustomer.org,533,1,2021-02-14 22:04:37.000,M,NULL
528,CLAUDE,HERZOG,CLAUDE.HERZOG@sakilacustomer.org,534,1,2021-02-14 22:04:37.000,M,NULL
529,ERIK,GUILLEN,ERIK.GUILLEN@sakilacustomer.org,535,1,2021-02-14 22:04:37.000,M,NULL
530,DARRYL,ASHCRAFT,DARRYL.ASHCRAFT@sakilacustomer.org,536,1,2021-02-14 22:04:37.000,M,NULL
531,JAMIE,WAUGH,JAMIE.WAUGH@sakilacustomer.org,537,1,2021-02-14 22:04:37.000,M,NULL
532,NEIL,RENNER,NEIL.RENNER@sakilacustomer.org,538,1,2021-02-14 22:04:37.000,M,NULL
533,JESSIE,MILAM,JESSIE.MILAM@sakilacustomer.org,539,1,2021-02-14 22:04:37.000,M,NULL
534,CHRISTIAN,JUNG,CHRISTIAN.JUNG@sakilacustomer.org,540,0,2021-02-14 22:04:37.000,M,NULL
535,JAVIER,ELROD,JAVIER.ELROD@sakilacustomer.org,541,1,2021-02-14 22:04:37.000,M,NULL
536,FERNANDO,CHURCHILL,FERNANDO.CHURCHILL@sakilacustomer.org,542,1,2021-02-14 22:04:37.000,M,NULL
537,CLINTON,BUFORD,CLINTON.BUFORD@sakilacustomer.org,543,1,2021-02-14 22:04:37.000,M,NULL
538,TED,BREAUX,TED.BREAUX@sakilacustomer.org,544,1,2021-02-14 22:04:37.000,M,NULL
539,MATHEW,BOLIN,MATHEW.BOLIN@sakilacustomer.org,545,1,2021-02-14 22:04:37.000,M,NULL
540,TYRONE,ASHER,TYRONE.ASHER@sakilacustomer.org,546,1,2021-02-14 22:04:37.000,M,NULL
541,DARREN,WINDHAM,DARREN.WINDHAM@sakilacustomer.org,547,1,2021-02-14 22:04:37.000,M,NULL
542,LONNIE,TIRADO,LONNIE.TIRADO@sakilacustomer.org,548,1,2021-02-14 22:04:37.000,M,NULL
543,LANCE,PEMBERTON,LANCE.PEMBERTON@sakilacustomer.org,549,1,2021-02-14 22:04:37.000,M,NULL
544,CODY,NOLEN,CODY.NOLEN@sakilacustomer.org,550,1,2021-02-14 22:04:37.000,M,NULL
545,JULIO,NOLAND,JULIO.NOLAND@sakilacustomer.org,551,1,2021-02-14 22:04:37.000,M,NULL
546,KELLY,KNOTT,KELLY.KNOTT@sakilacustomer.org,552,1,2021-02-14 22:04:37.000,M,NULL
547,KURT,EMMONS,KURT.EMMONS@sakilacustomer.org,553,1,2021-02-14 22:04:37.000,M,NULL
548,ALLAN,CORNISH,ALLAN.CORNISH@sakilacustomer.org,554,1,2021-02-14 22:04:37.000,M,NULL
549,NELSON,CHRISTENSON,NELSON.CHRISTENSON@sakilacustomer.org,555,1,2021-02-14 22:04:37.000,M,NULL
550,GUY,BROWNLEE,GUY.BROWNLEE@sakilacustomer.org,556,1,2021-02-14 22:04:37.000,M,NULL
551,CLAYTON,BARBEE,CLAYTON.BARBEE@sakilacustomer.org,557,1,2021-02-14 22:04:37.000,M,NULL
552,HUGH,WALDROP,HUGH.WALDROP@sakilacustomer.org,558,1,2021-02-14 22:04:37.000,M,NULL
553,MAX,PITT,MAX.PITT@sakilacustomer.org,559,1,2021-02-14 22:04:37.000,M,NULL
554,DWAYNE,OLVERA,DWAYNE.OLVERA@sakilacustomer.org,560,1,2021-02-14 22:04:37.000,M,NULL
555,DWIGHT,LOMBARDI,DWIGHT.LOMBARDI@sakilacustomer.org,561,1,2021-02-14 22:04:37.000,M,NULL
556,ARMANDO,GRUBER,ARMANDO.GRUBER@sakilacustomer.org,562,1,2021-02-14 22:04:37.000,M,NULL
557,FELIX,GAFFNEY,FELIX.GAFFNEY@sakilacustomer.org,563,1,2021-02-14 22:04:37.000,M,NULL
558,JIMMIE,EGGLESTON,JIMMIE.EGGLESTON@sakilacustomer.org,564,0,2021-02-14 22:04:37.000,M,NULL
559,EVERETT,BANDA,EVERETT.BANDA@sakilacustomer.org,565,1,2021-02-14 22:04:37.000,M,NULL
560,JORDAN,ARCHULETA,JORDAN.ARCHULETA@sakilacustomer.org,566,1,2021-02-14 22:04:37.000,M,NULL
561,IAN,STILL,IAN.STILL@sakilacustomer.org,567,1,2021-02-14 22:04:37.000,M,NULL
562,WALLACE,SLONE,WALLACE.SLONE@sakilacustomer.org,568,1,2021-02-14 22:04:37.000,M,NULL
563,KEN,PREWITT,KEN.PREWITT@sakilacustomer.org,569,1,2021-02-14 22:04:37.000,M,NULL
564,BOB,PFEIFFER,BOB.PFEIFFER@sakilacustomer.org,570,1,2021-02-14 22:04:37.000,M,NULL
565,JAIME,NETTLES,JAIME.NETTLES@sakilacustomer.org,571,1,2021-02-14 22:04:37.000,M,NULL
566,CASEY,MENA,CASEY.MENA@sakilacustomer.org,572,1,2021-02-14 22:04:37.000,M,NULL
567,ALFREDO,MCADAMS,ALFREDO.MCADAMS@sakilacustomer.org,573,1,2021-02-14 22:04:37.000,M,NULL
568,ALBERTO,HENNING,ALBERTO.HENNING@sakilacustomer.org,574,1,2021-02-14 22:04:37.000,M,NULL
569,DAVE,GARDINER,DAVE.GARDINER@sakilacustomer.org,575,1,2021-02-14 22:04:37.000,M,NULL
570,IVAN,CROMWELL,IVAN.CROMWELL@sakilacustomer.org,576,1,2021-02-14 22:04:37.000,M,NULL
571,JOHNNIE,CHISHOLM,JOHNNIE.CHISHOLM@sakilacustomer.org,577,1,2021-02-14 22:04:37.000,M,NULL
572,SIDNEY,BURLESON,SIDNEY.BURLESON@sakilacustomer.org,578,1,2021-02-14 22:04:37.000,M,NULL
573,BYRON,BOX,BYRON.BOX@sakilacustomer.org,579,1,2021-02-14 22:04:37.000,M,NULL
574,JULIAN,VEST,JULIAN.VEST@sakilacustomer.org,580,1,2021-02-14 22:04:37.000,M,NULL
575,ISAAC,OGLESBY,ISAAC.OGLESBY@sakilacustomer.org,581,1,2021-02-14 22:04:37.000,M,NULL
576,MORRIS,MCCARTER,MORRIS.MCCARTER@sakilacustomer.org,582,1,2021-02-14 22:04:37.000,M,NULL
577,CLIFTON,MALCOLM,CLIFTON.MALCOLM@sakilacustomer.org,583,1,2021-02-14 22:04:37.000,M,NULL
578,WILLARD,LUMPKIN,WILLARD.LUMPKIN@sakilacustomer.org,584,1,2021-02-14 22:04:37.000,M,NULL
579,DARYL,LARUE,DARYL.LARUE@sakilacustomer.org,585,1,2021-02-14 22:04:37.000,M,NULL
580,ROSS,GREY,ROSS.GREY@sakilacustomer.org,586,1,2021-02-14 22:04:37.000,M,NULL
581,VIRGIL,WOFFORD,VIRGIL.WOFFORD@sakilacustomer.org,587,1,2021-02-14 22:04:37.000,M,NULL
582,ANDY,VANHORN,ANDY.VANHORN@sakilacustomer.org,588,1,2021-02-14 22:04:37.000,M,NULL
583,MARSHALL,THORN,MARSHALL.THORN@sakilacustomer.org,589,1,2021-02-14 22:04:37.000,M,NULL
584,SALVADOR,TEEL,SALVADOR.TEEL@sakilacustomer.org,590,1,2021-02-14 22:04:37.000,M,NULL
585,PERRY,SWAFFORD,PERRY.SWAFFORD@sakilacustomer.org,591,1,2021-02-14 22:04:37.000,M,NULL
586,KIRK,STCLAIR,KIRK.STCLAIR@sakilacustomer.org,592,1,2021-02-14 22:04:37.000,M,NULL
587,SERGIO,STANFIELD,SERGIO.STANFIELD@sakilacustomer.org,593,1,2021-02-14 22:04:37.000,M,NULL
588,MARION,OCAMPO,MARION.OCAMPO@sakilacustomer.org,594,1,2021-02-14 22:04:37.000,M,NULL
589,TRACY,HERRMANN,TRACY.HERRMANN@sakilacustomer.org,595,1,2021-02-14 22:04:37.000,M,NULL
590,SETH,HANNON,SETH.HANNON@sakilacustomer.org,596,1,2021-02-14 22:04:37.000,M,NULL
591,KENT,ARSENAULT,KENT.ARSENAULT@sakilacustomer.org,597,1,2021-02-14 22:04:37.000,M,NULL
592,TERRANCE,ROUSH,TERRANCE.ROUSH@sakilacustomer.org,598,0,2021-02-14 22:04:37.000,M,NULL
593,RENE,MCALISTER,RENE.MCALISTER@sakilacustomer.org,599,1,2021-02-14 22:04:37.000,M,NULL
594,EDUARDO,HIATT,EDUARDO.HIATT@sakilacustomer.org,600,1,2021-02-14 22:04:37.000,M,NULL
595,TERRENCE,GUNDERSON,TERRENCE.GUNDERSON@sakilacustomer.org,601,1,2021-02-14 22:04:37.000,M,NULL
596,ENRIQUE,FORSYTHE,ENRIQUE.FORSYTHE@sakilacustomer.org,602,1,2021-02-14 22:04:37.000,M,NULL
597,FREDDIE,DUGGAN,FREDDIE.DUGGAN@sakilacustomer.org,603,1,2021-02-14 22:04:37.000,M,NULL
598,WADE,DELVALLE,WADE.DELVALLE@sakilacustomer.org,603,1,2021-02-14 22:04:37.000,M,NULL
599,AUSTIN,CINTRON,AUSTIN.CINTRON@sakilacustomer.org,603,1,2021-02-14 22:04:37.000,M,NULL
